model,parameters,avg_inference_ms,accuracy,macro_f1
mobilenet_v3_small,1525031,4.546856667244962,0.8636363636363636,0.43958916900093364
resnet18,11180103,2.4790666672439934,,
